{
  "RacerData": {
    "AddLapSections_Lane1": "Ready",
    "AddLapSections_Lane2": "Ready",
    "AddLapSections_Lane3": "Ready",
    "AddLapSections_Lane4": "Ready",
    "AddLapSections_Lane5": "Ready",
    "AddLapSections_Lane6": "Ready",
    "AddLapSections_Lane7": "Ready",
    "AddLapSections_Lane8": "Ready",
    "AddLapSections_Position1": "Ready",
    "AddLapSections_Position2": "Ready",
    "AddLapSections_Position3": "Ready",
    "AddLapSections_Position4": "Ready",
    "AddLapSections_Position5": "Ready",
    "AddLapSections_Position6": "Ready",
    "AddLapSections_Position7": "Ready",
    "AddLapSections_Position8": "Ready",
    "AdjustDeslot_Lane1": "Enabled",
    "AdjustDeslot_Lane2": "Enabled",
    "AdjustDeslot_Lane3": "Enabled",
    "AdjustDeslot_Lane4": "Enabled",
    "AdjustDeslot_Lane5": "Enabled",
    "AdjustDeslot_Lane6": "Enabled",
    "AdjustDeslot_Lane7": "Enabled",
    "AdjustDeslot_Lane8": "Enabled",
    "AdjustDeslot_Position1": "Enabled",
    "AdjustDeslot_Position2": "Enabled",
    "AdjustDeslot_Position3": "Enabled",
    "AdjustDeslot_Position4": "Enabled",
    "AdjustDeslot_Position5": "Enabled",
    "AdjustDeslot_Position6": "Enabled",
    "AdjustDeslot_Position7": "Enabled",
    "AdjustDeslot_Position8": "Enabled",
    "Avatar_Lane1": "Images/p01.jpg",
    "Avatar_Lane2": "Images/p02.jpg",
    "Avatar_Lane3": "Images/p03.jpg",
    "Avatar_Lane4": "Images/p04.jpg",
    "Avatar_Lane5": "Images/p05.jpg",
    "Avatar_Lane6": "Images/p06.jpg",
    "Avatar_Lane7": "Images/p07.jpg",
    "Avatar_Lane8": "Images/p08.jpg",
    "Avatar_Position1": "images/p01.jpg",
    "Avatar_Position2": "images/p02.jpg",
    "Avatar_Position3": "images/p03.jpg",
    "Avatar_Position4": "images/p04.jpg",
    "Avatar_Position5": "images/p05.jpg",
    "Avatar_Position6": "images/p06.jpg",
    "Avatar_Position7": "images/p07.jpg",
    "Avatar_Position8": "images/p08.jpg",
    "Avatar_RaceLeader1": "images/p01.jpg",
    "Avatar_RaceLeader2": "images/p02.jpg",
    "Avatar_RaceLeader3": "images/p03.jpg",
    "Avatar_RaceLeader4": "images/p04.jpg",
    "Avatar_RaceLeader5": "images/p05.jpg",
    "Avatar_RaceLeader6": "images/p06.jpg",
    "Avatar_RaceLeader7": "images/p07.jpg",
    "Avatar_RaceLeader8": "images/p08.jpg",
    "Avatar_RaceLeader9": "images/p09.jpg",
    "Avatar_RaceLeader10": "images/p10.png",
    "Avatar_RaceLeader11": "images/p11.jpg",
    "Avatar_RaceLeader12": "images/p12.png",
    "Avatar_RaceLeader13": "images/p13.jpg",
    "Avatar_RaceLeader14": "images/p14.jpg",
    "Avatar_RaceLeader15": "images/p15.jpg",
    "Avatar_RaceLeader16": "images/p16.jpg",
    "Avatar_RaceLeader17": "images/p17.jpg",
    "Avatar_RaceLeader18": "images/p18.jpg",
    "Avatar_RaceLeader19": "images/p19.jpg",
    "Avatar_RaceLeader20": "images/p20.jpg",
    "AverageTime_Lane1": "23.901",
    "AverageTime_Lane2": "24.234",
    "AverageTime_Lane3": "24.567",
    "AverageTime_Lane4": "24.890",
    "AverageTime_Lane5": "25.123",
    "AverageTime_Lane6": "25.456",
    "AverageTime_Lane7": "25.789",
    "AverageTime_Lane8": "26.012",
    "AverageTime_Position1": "23.901",
    "AverageTime_Position2": "24.234",
    "AverageTime_Position3": "24.567",
    "AverageTime_Position4": "24.890",
    "AverageTime_RaceLeader1": "23.901",
    "AverageTime_RaceLeader2": "24.234",
    "AverageTime_RaceLeader3": "24.567",
    "AverageTime_RaceLeader4": "24.890",
    "AverageTime_RaceLeader5": "25.123",
    "AverageTime_RaceLeader6": "25.456",
    "AverageTime_RaceLeader7": "25.789",
    "AverageTime_RaceLeader8": "26.012",
    "AverageTime_RaceLeader9": "26.345",
    "AverageTime_RaceLeader10": "26.678",
    "AverageTime_RaceLeader11": "26.901",
    "AverageTime_RaceLeader12": "27.234",
    "AverageTime_RaceLeader13": "27.567",
    "AverageTime_RaceLeader14": "27.890",
    "AverageTime_RaceLeader15": "28.123",
    "AverageTime_RaceLeader16": "28.456",
    "AverageTime_RaceLeader17": "28.789",
    "AverageTime_RaceLeader18": "29.012",
    "AverageTime_RaceLeader19": "29.345",
    "AverageTime_RaceLeader20": "29.678",

    "BestLaneNickname_Lane1": "Speed Demon",
    "BestLaneNickname_Lane2": "Track Star",
    "BestLaneNickname_Lane3": "Lightning",
    "BestLaneNickname_Lane4": "Thunderbolt",
    "BestLaneNickname_Lane5": "Rocket",
    "BestLaneNickname_Lane6": "Bullet",
    "BestLaneNickname_Lane7": "Blaze",
    "BestLaneNickname_Lane8": "Comet",
    "BestLaneName_Lane1": "Speedy",
    "BestLaneName_Lane2": "Racer",
    "BestLaneName_Lane3": "Zoom",
    "BestLaneName_Lane4": "Flash",
    "BestLaneName_Lane5": "Lightning",
    "BestLaneName_Lane6": "Thunder",
    "BestLaneName_Lane7": "Bolt",
    "BestLaneName_Lane8": "Blitz",

    "BestLaneName_Position1": "Speedy",
    "BestLaneName_Position2": "Racer",
    "BestLaneName_Position3": "Zoom",
    "BestLaneName_Position4": "Flash",
    "BestLaneTime_Lane1": "23.123",
    "BestLaneTime_Lane2": "23.456",
    "BestLaneTime_Lane3": "23.789",
    "BestLaneTime_Lane4": "24.012",
    "BestLaneTime_Lane5": "24.345",
    "BestLaneTime_Lane6": "24.678",
    "BestLaneTime_Lane7": "24.901",
    "BestLaneTime_Lane8": "25.234",
    "BestLaneTime_Position1": "23.123",
    "BestLaneTime_Position2": "23.456",
    "BestLaneTime_Position3": "23.789",
    "BestLaneTime_Position4": "24.012",

    "BestLapTime_Position1": "23.123",
    "BestLapTime_Position2": "23.456",
    "BestLapTime_Position3": "23.789",
    "BestLapTime_Position4": "24.012",
    "BestLapTime_Position5": "24.345",
    "BestLapTime_Position6": "24.678",
    "BestLapTime_Position7": "24.901",
    "BestLapTime_Position8": "25.234",
    "BestLapTime_RaceLeader1": "23.123",
    "BestLapTime_RaceLeader2": "23.456",
    "BestLapTime_RaceLeader3": "23.789",
    "BestLapTime_RaceLeader4": "24.012",
    "BestLapTime_RaceLeader5": "24.345",
    "BestLapTime_RaceLeader6": "24.678",
    "BestLapTime_RaceLeader7": "24.901",
    "BestLapTime_RaceLeader8": "25.234",
    "BestLapTime_RaceLeader9": "25.567",
    "BestLapTime_RaceLeader10": "25.890",
    "BestLapTime_RaceLeader11": "26.123",
    "BestLapTime_RaceLeader12": "26.456",
    "BestLapTime_RaceLeader13": "26.789",
    "BestLapTime_RaceLeader14": "27.012",
    "BestLapTime_RaceLeader15": "27.345",
    "BestLapTime_RaceLeader16": "27.678",
    "BestLapTime_RaceLeader17": "27.901",
    "BestLapTime_RaceLeader18": "28.234",
    "BestLapTime_RaceLeader19": "28.567",
    "BestLapTime_RaceLeader20": "28.890",

    "BestLapSegmentTime_Lane1": "5.123",
    "BestLapSegmentTime_Lane2": "5.456",
    "BestLapSegmentTime_Lane3": "5.789",
    "BestLapSegmentTime_Lane4": "6.012",
    "BestLapSegmentTime_Lane5": "6.345",
    "BestLapSegmentTime_Lane6": "6.678",
    "BestLapSegmentTime_Lane7": "6.901",
    "BestLapSegmentTime_Lane8": "7.234",
    "BestLapTime_Lane1": "23.123",
    "BestLapTime_Lane2": "23.456",
    "BestLapTime_Lane3": "23.789",
    "BestLapTime_Lane4": "24.012",
    "BestLapTime_Lane5": "24.345",
    "BestLapTime_Lane6": "24.678",
    "BestLapTime_Lane7": "24.901",
    "BestLapTime_Lane8": "25.234",
    "CarImage_Lane1": "images/car1.jpg",
    "CarImage_Lane2": "images/car2.jpg",
    "CarImage_Lane3": "images/car3.jpg",
    "CarImage_Lane4": "images/car4.jpg",
    "CarImage_Lane5": "images/car5.jpg",
    "CarImage_Lane6": "images/car6.jpg",
    "CarImage_Lane7": "images/car7.jpg",
    "CarImage_Lane8": "images/car8.jpg",
    "CarImage_Position1": "images/car1.jpg",
    "CarImage_Position2": "images/car2.jpg",
    "CarImage_Position3": "images/car3.jpg",
    "CarImage_Position4": "images/car4.jpg",
    "CarImage_Position5": "images/car5.jpg",
    "CarImage_Position6": "images/car6.jpg",
    "CarImage_Position7": "images/car7.jpg",
    "CarImage_Position8": "images/car8.jpg",
    "ChangeCar_Lane1": "Available",
    "ChangeCar_Lane2": "Available",
    "ChangeCar_Lane3": "Available",
    "ChangeCar_Lane4": "Available",
    "ChangeCar_Lane5": "Available",
    "ChangeCar_Lane6": "Available",
    "ChangeCar_Lane7": "Available",
    "ChangeCar_Lane8": "Available",
    "ChangeDriver_Lane1": "Available",
    "ChangeDriver_Lane2": "Available",
    "ChangeDriver_Lane3": "Available",
    "ChangeDriver_Lane4": "Available",
    "ChangeDriver_Lane5": "Available",
    "ChangeDriver_Lane6": "Available",
    "ChangeDriver_Lane7": "Available",
    "ChangeDriver_Lane8": "Available",
    "ChangeCar_Position1": "Available",
    "ChangeCar_Position2": "Available",
    "ChangeCar_Position3": "Available",
    "ChangeCar_Position4": "Available",
    "ChangeCar_Position5": "Available",
    "ChangeCar_Position6": "Available",
    "ChangeCar_Position7": "Available",
    "ChangeCar_Position8": "Available",
    "ChangeDriver_Position1": "Available",
    "ChangeDriver_Position2": "Available",
    "ChangeDriver_Position3": "Available",
    "ChangeDriver_Position4": "Available",
    "ChangeDriver_Position5": "Available",
    "ChangeDriver_Position6": "Available",
    "ChangeDriver_Position7": "Available",
    "ChangeDriver_Position8": "Available",
    "DeslotCount_Lane1": 0,
    "DeslotCount_Lane2": 1,
    "DeslotCount_Lane3": 0,
    "DeslotCount_Lane4": 2,
    "DeslotCount_Lane5": 1,
    "DeslotCount_Lane6": 0,
    "DeslotCount_Lane7": 3,
    "DeslotCount_Lane8": 1,
    "DeslotCount_Position1": 0,
    "DeslotCount_Position2": 1,
    "DeslotCount_Position3": 0,
    "DeslotCount_Position4": 2,
    "DeslotCount_Position5": 1,
    "DeslotCount_Position6": 0,
    "DeslotCount_Position7": 3,
    "DeslotCount_Position8": 1,
    "DriftLap_Lane1": 5,
    "DriftLap_Lane2": 4,
    "DriftLap_Lane3": 3,
    "DriftLap_Lane4": 2,
    "DriftLap_Lane5": 1,
    "DriftLap_Lane6": 0,
    "DriftLap_Lane7": 0,
    "DriftLap_Lane8": 0,
    "DriftLap_Position1": 5,
    "DriftLap_Position2": 4,
    "DriftLap_Position3": 3,
    "DriftLap_Position4": 2,
    "DriftLap_Position5": 1,
    "DriftLap_Position6": 0,
    "DriftLap_Position7": 0,
    "DriftLap_Position8": 0,

    "FuelCapacity_Lane1": 100,
    "FuelCapacity_Lane2": 100,
    "FuelCapacity_Lane3": 100,
    "FuelCapacity_Lane4": 100,
    "FuelCapacity_Lane5": 100,
    "FuelCapacity_Lane6": 100,
    "FuelCapacity_Lane7": 100,
    "FuelCapacity_Lane8": 100,
    "FuelCapacity_Position1": 100,
    "FuelCapacity_Position2": 100,
    "FuelCapacity_Position3": 100,
    "FuelCapacity_Position4": 100,
    "FuelCapacity_Position5": 100,
    "FuelCapacity_Position6": 100,
    "FuelCapacity_Position7": 100,
    "FuelCapacity_Position8": 100,

    "FuelImage_Position1": "images/FUEL_1.png",
    "FuelImage_Position2": "images/FUEL_2.png",
    "FuelImage_Position3": "images/FUEL_3.png",
    "FuelImage_Position4": "images/FUEL_4.png",
    "FuelImage_Position5": "images/FUEL_5.png",
    "FuelImage_Position6": "images/FUEL_6.png",
    "FuelImage_Position7": "images/FUEL_7.png",
    "FuelImage_Position8": "images/FUEL_8.png",
    "FuelLevelPCT_Position1": "75%",
    "FuelLevelPCT_Position2": "68%",
    "FuelLevelPCT_Position3": "82%",
    "FuelLevelPCT_Position4": "64%",
    "FuelLevel_Position1": 75,
    "FuelLevel_Position2": 68,
    "FuelLevel_Position3": 82,
    "FuelLevel_Position4": 64,
    "FuelLevel_Position5": 55,
    "FuelLevel_Position6": 90,
    "FuelLevel_Position7": 45,
    "FuelLevel_Position8": 36,

    "FuelImage_Lane1": "images/FUEL_1.png",
    "FuelImage_Lane2": "images/FUEL_2.png",
    "FuelImage_Lane3": "images/FUEL_3.png",
    "FuelImage_Lane4": "images/FUEL_4.png",
    "FuelImage_Lane5": "images/FUEL_5.png",
    "FuelImage_Lane6": "images/FUEL_6.png",
    "FuelImage_Lane7": "images/FUEL_7.png",
    "FuelImage_Lane8": "images/FUEL_8.png",
    "FuelLevel_Lane1": 75,
    "FuelLevel_Lane2": 68,
    "FuelLevel_Lane3": 82,
    "FuelLevel_Lane4": 64,
    "FuelLevel_Lane5": 55,
    "FuelLevel_Lane6": 90,
    "FuelLevel_Lane7": 45,
    "FuelLevel_Lane8": 36,
    "GapLeader_Lane1": "+0.000",
    "GapLeader_Lane2": "+0.333",
    "GapLeader_Lane3": "+0.666",
    "GapLeader_Lane4": "+0.999",
    "GapLeader_Lane5": "+1.232",
    "GapLeader_Lane6": "+1.565",
    "GapLeader_Lane7": "+1.898",
    "GapLeader_Lane8": "+2.131",
    "GapLeader_Position1": "+0.000",
    "GapLeader_Position2": "+0.333",
    "GapLeader_Position3": "+0.666",
    "GapLeader_Position4": "+0.999",
    "GapLeader_RaceLeader1": "+0.000",
    "GapLeader_RaceLeader2": "+0.333",
    "GapLeader_RaceLeader3": "+0.666",
    "GapLeader_RaceLeader4": "+0.999",
    "GapLeader_RaceLeader5": "+1.232",
    "GapLeader_RaceLeader6": "+1.565",
    "GapLeader_RaceLeader7": "+1.898",
    "GapLeader_RaceLeader8": "+2.131",
    "GapLeader_RaceLeader9": "+2.464",
    "GapLeader_RaceLeader10": "+2.797",
    "GapLeader_RaceLeader11": "+3.030",
    "GapLeader_RaceLeader12": "+3.363",
    "GapLeader_RaceLeader13": "+3.696",
    "GapLeader_RaceLeader14": "+3.929",
    "GapLeader_RaceLeader15": "+4.262",
    "GapLeader_RaceLeader16": "+4.595",
    "GapLeader_RaceLeader17": "+4.928",
    "GapLeader_RaceLeader18": "+5.161",
    "GapLeader_RaceLeader19": "+5.494",
    "GapLeader_RaceLeader20": "+5.827",
    "GapPosition_RaceLeader1": "+0.000",
    "GapPosition_RaceLeader2": "+0.333",
    "GapPosition_RaceLeader3": "+0.333",
    "GapPosition_RaceLeader4": "+0.333",
    "GapPosition_RaceLeader5": "+0.333",
    "GapPosition_RaceLeader6": "+0.333",
    "GapPosition_RaceLeader7": "+0.333",
    "GapPosition_RaceLeader8": "+0.333",
    "GapPosition_RaceLeader9": "+0.333",
    "GapPosition_RaceLeader10": "+0.333",
    "GapPosition_RaceLeader11": "+0.333",
    "GapPosition_RaceLeader12": "+0.333",
    "GapPosition_RaceLeader13": "+0.333",
    "GapPosition_RaceLeader14": "+0.333",
    "GapPosition_RaceLeader15": "+0.333",
    "GapPosition_RaceLeader16": "+0.333",
    "GapPosition_RaceLeader17": "+0.333",
    "GapPosition_RaceLeader18": "+0.333",
    "GapPosition_RaceLeader19": "+0.333",
    "GapPosition_RaceLeader20": "+0.333",
    "HeatPerformance_Position1": "+0.123",
    "HeatPerformance_Position2": "-0.234",
    "HeatPerformance_Position3": "+0.345",
    "HeatPerformance_Position4": "-0.456",
    "LapTime_Lane1": "23.456",
    "LapTime_Lane2": "23.789",
    "LapTime_Lane3": "24.012",
    "LapTime_Lane4": "24.345",
    "LapTime_Lane5": "24.678",
    "LapTime_Lane6": "24.901",
    "LapTime_Lane7": "25.234",
    "LapTime_Lane8": "25.567",
    "LapTime_Position1": "23.456",
    "LapTime_Position2": "23.789",
    "LapTime_Position3": "24.012",
    "LapTime_Position4": "24.345",
    "LapTime_Position5": "24.678",
    "LapTime_Position6": "24.901",
    "LapTime_Position7": "25.234",
    "LapTime_Position8": "25.567",
    "Lap_Lane1": 18,
    "Lap_Lane2": 18,
    "Lap_Lane3": 17,
    "Lap_Lane4": 17,
    "Lap_Lane5": 17,
    "Lap_Lane6": 16,
    "Lap_Lane7": 16,
    "Lap_Lane8": 15,
    "Lap_Position1": 18,
    "Lap_Position2": 18,
    "Lap_Position3": 17,
    "Lap_Position4": 17,
    "Lap_Position5": 17,
    "Lap_Position6": 16,
    "Lap_Position7": 16,
    "Lap_Position8": 15,
    "Lap_RaceLeader1": 18,
    "Lap_RaceLeader2": 18,
    "Lap_RaceLeader3": 17,
    "Lap_RaceLeader4": 17,
    "Lap_RaceLeader5": 17,
    "Lap_RaceLeader6": 16,
    "Lap_RaceLeader7": 16,
    "Lap_RaceLeader8": 15,
    "Lap_RaceLeader9": 15,
    "Lap_RaceLeader10": 15,
    "Lap_RaceLeader11": 14,
    "Lap_RaceLeader12": 14,
    "Lap_RaceLeader13": 14,
    "Lap_RaceLeader14": 14,
    "Lap_RaceLeader15": 13,
    "Lap_RaceLeader16": 13,
    "Lap_RaceLeader17": 13,
    "Lap_RaceLeader18": 13,
    "Lap_RaceLeader19": 12,
    "Lap_RaceLeader20": 12,
    "Led_Position1": 15,
    "Led_Position2": 3,
    "Led_Position3": 0,
    "Led_Position4": 0,
    "MPH_Position1": "120.5",
    "MPH_Position2": "119.8",
    "MPH_Position3": "118.2",
    "MPH_Position4": "117.6",
    "MedianTime_Lane1": "23.789",
    "MedianTime_Lane2": "24.012",
    "MedianTime_Lane3": "24.345",
    "MedianTime_Lane4": "24.678",
    "MedianTime_Lane5": "24.901",
    "MedianTime_Lane6": "25.234",
    "MedianTime_Lane7": "25.567",
    "MedianTime_Lane8": "25.890",
    "MedianTime_Position1": "23.789",
    "MedianTime_Position2": "24.012",
    "MedianTime_Position3": "24.345",
    "MedianTime_Position4": "24.678",
    "MedianTime_Position5": "24.901",
    "MedianTime_Position6": "25.234",
    "MedianTime_Position7": "25.567",
    "MedianTime_Position8": "25.890",

    "Name_Lane1": "Driver One",
    "Name_Lane2": "Driver Two",
    "Name_Lane3": "Driver Three",
    "Name_Lane4": "Driver Four",
    "Name_Lane5": "Driver Five",
    "Name_Lane6": "Driver Six",
    "Name_Lane7": "Driver Seven",
    "Name_Lane8": "Driver Eight",
    "Name_Position1": "John",
    "Name_Position2": "Sarah",
    "Name_Position3": "Mike",
    "Name_Position4": "Lisa",
    "Name_Position5": "Chris",
    "Name_Position6": "Amanda",
    "Name_Position7": "David",
    "Name_Position8": "Jessica",
    "NextHeatNickname1": "Comet",
    "NextHeatNickname2": "Vortex",
    "NextHeatNickname3": "Stinger",
    "NextHeatNickname4": "Cruze",
    "NextHeatNickname5": "Flash",
    "NextHeatNickname6": "Ghost",
    "NextHeatNickname7": "Nitro",
    "NextHeatNickname8": "Sparta",
    "Nickname_Lane1": "Speedy",
    "Nickname_Lane2": "Racer",
    "Nickname_Lane3": "Zoom",
    "Nickname_Lane4": "Flash",
    "Nickname_Lane5": "Lightning",
    "Nickname_Lane6": "Thunder",
    "Nickname_Lane7": "Bolt",
    "Nickname_Lane8": "Blitz",
    "Nickname_Position1": "Speedy",
    "Nickname_Position2": "Racer",
    "Nickname_Position3": "Zoom",
    "Nickname_Position4": "Flash",
    "Nickname_Position5": "Lightning",
    "Nickname_Position6": "Thunder",
    "Nickname_Position7": "Bolt",
    "Nickname_Position8": "Blitz",
    "Nickname_RaceLeader1": "Speedy",
    "Nickname_RaceLeader2": "Racer",
    "Nickname_RaceLeader3": "Zoom",
    "Nickname_RaceLeader4": "Flash",
    "Nickname_RaceLeader5": "Lightning",
    "Nickname_RaceLeader6": "Thunder",
    "Nickname_RaceLeader7": "Bolt",
    "Nickname_RaceLeader8": "Blitz",
    "Nickname_RaceLeader9": "Rocket",
    "Nickname_RaceLeader10": "Turbo",
    "Nickname_RaceLeader11": "Swift",
    "Nickname_RaceLeader12": "Rush",
    "Nickname_RaceLeader13": "Nitro",
    "Nickname_RaceLeader14": "Streak",
    "Nickname_RaceLeader15": "Dash",
    "Nickname_RaceLeader16": "Comet",
    "Nickname_RaceLeader17": "Fireball",
    "Nickname_RaceLeader18": "Meteor",
    "Nickname_RaceLeader19": "Velocity",
    "Nickname_RaceLeader20": "Cyclone",
    "Nickname_SeasonLeader1": "Speedy",
    "Nickname_SeasonLeader2": "Racer",
    "Nickname_SeasonLeader3": "Zoom",
    "Nickname_SeasonLeader4": "Flash",
    "Nickname_SeasonLeader5": "Lightning",
    "Nickname_SeasonLeader6": "Thunder",
    "Nickname_SeasonLeader7": "Bolt",
    "Nickname_SeasonLeader8": "Blitz",
    "Nickname_SeasonLeader9": "Rocket",
    "Nickname_SeasonLeader10": "Turbo",
    "Nickname_SeasonLeader11": "Swift",
    "Nickname_SeasonLeader12": "Rush",
    "Nickname_SeasonLeader13": "Nitro",
    "Nickname_SeasonLeader14": "Streak",
    "Nickname_SeasonLeader15": "Dash",
    "Nickname_SeasonLeader16": "Comet",
    "Nickname_SeasonLeader17": "Fireball",
    "Nickname_SeasonLeader18": "Meteor",
    "Nickname_SeasonLeader19": "Velocity",
    "Nickname_SeasonLeader20": "Cyclone",
    "Nickname_SeasonRaceLeader1": "Speedy-S",
    "Nickname_SeasonRaceLeader2": "Racer-S",
    "Nickname_SeasonRaceLeader3": "Zoom-S",
    "Nickname_SeasonRaceLeader4": "Flash-S",
    "Nickname_SeasonRaceLeader5": "Lightning-S",
    "Nickname_SeasonRaceLeader6": "Thunder-S",
    "Nickname_SeasonRaceLeader7": "Bolt-S",
    "Nickname_SeasonRaceLeader8": "Blitz-S",
    "Nickname_SeasonRaceLeader9": "Rocket-S",
    "Nickname_SeasonRaceLeader10": "Turbo-S",
    "Nickname_SeasonRaceLeader11": "Swift-S",
    "Nickname_SeasonRaceLeader12": "Rush-S",
    "Nickname_SeasonRaceLeader13": "Nitro-S",
    "Nickname_SeasonRaceLeader14": "Streak-S",
    "Nickname_SeasonRaceLeader15": "Dash-S",
    "Nickname_SeasonRaceLeader16": "Comet-S",
    "Nickname_SeasonRaceLeader17": "Fireball-S",
    "Nickname_SeasonRaceLeader18": "Meteor-S",
    "Nickname_SeasonRaceLeader19": "Velocity-S",
    "Nickname_SeasonRaceLeader20": "Cyclone-S",
    "OnDeckNickname1": "Echo",
    "OnDeckNickname2": "Delta",
    "OnDeckNickname3": "Foxtrot",
    "OnDeckNickname4": "Gamma",
    "OnDeckNickname5": "Rogue",
    "OnDeckNickname6": "Alpha",
    "OnDeckNickname7": "Zeta",
    "OnDeckNickname8": "Nova",
    "Pos1": "1st",
    "Pos2": "2nd",
    "Pos3": "3rd",
    "Pos4": "4th",
    "Pos5": "5th",
    "Pos6": "6th",
    "Pos7": "7th",
    "Pos8": "8th",
    "Pos9": "9th",
    "Pos10": "10th",
    "Pos11": "11th",
    "Pos12": "12th",
    "Pos13": "13th",
    "Pos14": "14th",
    "Pos15": "15th",
    "Pos16": "16th",
    "Pos17": "17th",
    "Pos18": "18th",
    "Pos19": "19th",
    "Pos20": "20th",
    "ReactionTime_Lane1": "0.234",
    "ReactionTime_Lane2": "0.345",
    "ReactionTime_Lane3": "0.456",
    "ReactionTime_Lane4": "0.567",
    "ReactionTime_Lane5": "0.678",
    "ReactionTime_Lane6": "0.789",
    "ReactionTime_Lane7": "0.890",
    "ReactionTime_Lane8": "0.901",
    "ReactionTime_Position1": "0.234",
    "ReactionTime_Position2": "0.345",
    "ReactionTime_Position3": "0.456",
    "ReactionTime_Position4": "0.567",
    "RecordLaneName_Lane1": "Record Holder 1",
    "RecordLaneName_Lane2": "Record Holder 2",
    "RecordLaneName_Lane3": "Record Holder 3",
    "RecordLaneName_Lane4": "Record Holder 4",
    "RecordLaneName_Lane5": "Record Holder 5",
    "RecordLaneName_Lane6": "Record Holder 6",
    "RecordLaneName_Lane7": "Record Holder 7",
    "RecordLaneName_Lane8": "Record Holder 8",
    "RecordLaneName_Position1": "Record Holder 1",
    "RecordLaneName_Position2": "Record Holder 2",
    "RecordLaneName_Position3": "Record Holder 3",
    "RecordLaneName_Position4": "Record Holder 4",
    "RecordLaneTime_Position1": "22.789",
    "RecordLaneTime_Position2": "22.890",
    "RecordLaneTime_Position3": "23.012",
    "RecordLaneTime_Position4": "23.234",
    "RecordLaneNickname_Lane1": "Rocket",
    "RecordLaneNickname_Lane2": "Blitz",
    "RecordLaneNickname_Lane3": "Comet",
    "RecordLaneNickname_Lane4": "Zoom",
    "RecordLaneNickname_Lane5": "Flash",
    "RecordLaneNickname_Lane6": "Bolt",
    "RecordLaneNickname_Lane7": "Streak",
    "RecordLaneNickname_Lane8": "Speed",
    "RecordLaneTime_Lane1": "22.789",
    "RecordLaneTime_Lane2": "22.890",
    "RecordLaneTime_Lane3": "23.012",
    "RecordLaneTime_Lane4": "23.234",
    "RecordLaneTime_Lane5": "23.345",
    "RecordLaneTime_Lane6": "23.567",
    "RecordLaneTime_Lane7": "23.678",
    "RecordLaneTime_Lane8": "23.901",
    "Seed_Position1": 1,
    "Seed_Position2": 3,
    "Seed_Position3": 5,
    "Seed_Position4": 7,
    "Seed_RaceLeader1": 1,
    "Seed_RaceLeader2": 3,
    "Seed_RaceLeader3": 5,
    "Seed_RaceLeader4": 7,
    "Seed_RaceLeader5": 9,
    "Seed_RaceLeader6": 11,
    "Seed_RaceLeader7": 13,
    "Seed_RaceLeader8": 15,
    "Seed_RaceLeader9": 17,
    "Seed_RaceLeader10": 19,
    "Seed_RaceLeader11": 21,
    "Seed_RaceLeader12": 2,
    "Seed_RaceLeader13": 4,
    "Seed_RaceLeader14": 6,
    "Seed_RaceLeader15": 8,
    "Seed_RaceLeader16": 10,
    "Seed_RaceLeader17": 12,
    "Seed_RaceLeader18": 14,
    "Seed_RaceLeader19": 16,
    "Seed_RaceLeader20": 18,
    "SelfPerformance_Lane1": "+0.123",
    "SelfPerformance_Lane2": "-0.234",
    "SelfPerformance_Lane3": "+0.345",
    "SelfPerformance_Lane4": "-0.456",
    "SelfPerformance_Lane5": "+0.567",
    "SelfPerformance_Lane6": "-0.678",
    "SelfPerformance_Lane7": "+0.789",
    "SelfPerformance_Lane8": "-0.890",
    "SegmentTimeLabel1": "S1",
    "SegmentTimeLabel2": "S2",
    "SegmentTimeLabel3": "S3",
    "SegmentTimeLabel4": "S4",
    "SegmentTimeLabel5": "S5",
    "SegmentTimeLabel6": "S6",
    "SegmentTimeLabel7": "S7",
    "SegmentTimeLabel8": "S8",
    "SegmentTime_Lane1": "5.234",
    "SegmentTime_Lane2": "5.567",
    "SegmentTime_Lane3": "5.890",
    "SegmentTime_Lane4": "6.123",
    "SegmentTime_Lane5": "6.456",
    "SegmentTime_Lane6": "6.789",
    "SegmentTime_Lane7": "7.012",
    "SegmentTime_Lane8": "7.345",
    "SegmentTime_Position1": "5.234",
    "SegmentTime_Position2": "5.567",
    "SegmentTime_Position3": "5.890",
    "SegmentTime_Position4": "6.123",
    "SegmentTime_Position5": "6.456",
    "SegmentTime_Position6": "6.789",
    "SegmentTime_Position7": "7.012",
    "SegmentTime_Position8": "7.345",

    "SelfPerformance_Position1": "+0.123",
    "SelfPerformance_Position2": "-0.234",
    "SelfPerformance_Position3": "+0.345",
    "SelfPerformance_Position4": "-0.456",
    "Standing_RaceLeader1": "1st",
    "Standing_RaceLeader2": "2nd",
    "Standing_RaceLeader3": "3rd",
    "Standing_RaceLeader4": "4th",
    "Standing_RaceLeader5": "5th",
    "Standing_RaceLeader6": "6th",
    "Standing_RaceLeader7": "7th",
    "Standing_RaceLeader8": "8th",
    "Standing_RaceLeader9": "9th",
    "Standing_RaceLeader10": "10th",
    "Standing_RaceLeader11": "11th",
    "Standing_RaceLeader12": "12th",
    "Standing_RaceLeader13": "13th",
    "Standing_RaceLeader14": "14th",
    "Standing_RaceLeader15": "15th",
    "Standing_RaceLeader16": "16th",
    "Standing_RaceLeader17": "17th",
    "Standing_RaceLeader18": "18th",
    "Standing_RaceLeader19": "19th",
    "Standing_RaceLeader20": "20th",
    "Standing_SeasonLeader1": "1st",
    "Standing_SeasonLeader2": "2nd",
    "Standing_SeasonLeader3": "3rd",
    "Standing_SeasonLeader4": "4th",
    "Standing_SeasonLeader5": "5th",
    "Standing_SeasonLeader6": "6th",
    "Standing_SeasonLeader7": "7th",
    "Standing_SeasonLeader8": "8th",
    "Standing_SeasonLeader9": "9th",
    "Standing_SeasonLeader10": "10th",
    "Standing_SeasonLeader11": "11th",
    "Standing_SeasonLeader12": "12th",
    "Standing_SeasonLeader13": "13th",
    "Standing_SeasonLeader14": "14th",
    "Standing_SeasonLeader15": "15th",
    "Standing_SeasonLeader16": "16th",
    "Standing_SeasonLeader17": "17th",
    "Standing_SeasonLeader18": "18th",
    "Standing_SeasonLeader19": "19th",
    "Standing_SeasonLeader20": "20th",
    "Standing_SeasonRaceLeader1": "1st",
    "Standing_SeasonRaceLeader2": "2nd",
    "Standing_SeasonRaceLeader3": "3rd",
    "Standing_SeasonRaceLeader4": "4th",
    "Standing_SeasonRaceLeader5": "5th",
    "Standing_SeasonRaceLeader6": "6th",
    "Standing_SeasonRaceLeader7": "7th",
    "Standing_SeasonRaceLeader8": "8th",
    "Standing_SeasonRaceLeader9": "9th",
    "Standing_SeasonRaceLeader10": "10th",
    "Standing_SeasonRaceLeader11": "11th",
    "Standing_SeasonRaceLeader12": "12th",
    "Standing_SeasonRaceLeader13": "13th",
    "Standing_SeasonRaceLeader14": "14th",
    "Standing_SeasonRaceLeader15": "15th",
    "Standing_SeasonRaceLeader16": "16th",
    "Standing_SeasonRaceLeader17": "17th",
    "Standing_SeasonRaceLeader18": "18th",
    "Standing_SeasonRaceLeader19": "19th",
    "Standing_SeasonRaceLeader20": "20th",
    "TrackPerformance_Position1": "+0.123",
    "TrackPerformance_Position2": "-0.234",
    "TrackPerformance_Position3": "+0.345",
    "TrackPerformance_Position4": "-0.456"







  },

  "GenericData": {
    "BestHeatName": "John Smith",
    "BestHeatNickname": "Speedy",
    "BestHeatTime": "23.123",
    "BestName": "John Smith",
    "BestNickname": "Speedy",
    "BestTime": "23.123",
    "HeatNumber": "3",
    "NextHeatNumber": "4",
    "NumHeats": "8",
    "RaceName": "Grand Prix Invitational",
    "RaceStateImage": "images/greenflag.png",
    "RaceTime": "02:45",
    "RecordName": "Michael Johnson",
    "RecordNickname": "Lightning",
    "RecordScore": "97.5",
    "RecordScoreName": "Michael Johnson",
    "RecordScoreNickname": "Lightning",
    "RecordTime": "22.456",
    "SeasonRaces": "12",
    "StartLamp1": "images/light_red.png",
    "StartLamp2": "images/light_red.png",
    "StartLamp3": "images/light_red.png",
    "StartLamp4": "images/light_red.png",
    "StartLamp5": "images/light_red.png",
    "StartLamp6": "images/light_red.png",
    "StartLamp7": "images/light_red.png",
    "StartLamp8": "images/light_red.png",
    "StartLamp9": "images/light_red.png",
    "StartLamp10": "images/light_red.png",
    "StatusLabel": "Heat 3 of 8",
    "TrackImage": "images/track.png",
    "TrackName": "Silverstone Circuit"


  },

  "Actions": 
  {
    "AddLaps": "Enabled",
    "ClearLane": "0",
    "DebugModeToggle": "Enabled",
    "DeferHeat": "Enabled",
    "DriverLB": "Showing",
    "Editor": "Editing",
    "Export": "Ready",
    "LapEditor": "Open",
    "LapLB": "Visible",
    "ModifyHeats": "Available",
    "NextHeat": "Ready",
    "Pause": "Enabled",
    "PowerOff": "Standby",
    "PowerOn": "System Ready",
    "PreviewHost": "Active",
    "RestartHeat": "Ready",
    "Save": "Available",
    "SaveAs": "Available",
    "SkipHeat": "Visible",
    "SkipRace": "Hidden",
    "Start": "Enabled",
    "Toggle": "Enabled",
    "VideoTest": "Ready",
    "ViewHeats": "Visible",
    "Window": "Open",
    
  }
}